{
  "train_accuracy": 0.8542172312736511,
  "val_accuracy": 0.7640467286109924,
  "test_accuracy": [
    0.809661865234375,
    0.548822820186615,
    0.4904246926307678,
    0.2156405746936798,
    0.00022944934607949108,
    0.008638273924589157,
    0.7733311653137207
  ],
  "best_val_epoch": 600,
  "train_time": 92601.45,
  "test_time": 10.88
}