{
  "test_accuracy": [
    0.86126708984375,
    0.5191925168037415,
    0.45460575819015503,
    0.12879522144794464,
    0.0022745525930076838,
    0.11827946454286575,
    0.7685416340827942
  ],
  "train_time": 35422.63,
  "test_time": 11.96,
  "best_val_epoch": 427
}