{
  "test_accuracy": [
    0.752532958984375,
    1.0710681676864624,
    0.4894397258758545,
    0.19443587958812714,
    0.0004773764230776578,
    0.018288133665919304,
    1.2842694520950317
  ],
  "train_time": 44214.21,
  "test_time": 32.93,
  "best_val_epoch": 12
}