{
  "train_accuracy": 0.8364684581756592,
  "val_accuracy": 0.7456597089767456,
  "test_accuracy": [
    0.78643798828125,
    0.6171610355377197,
    0.47149932384490967,
    0.12911410629749298,
    0.0037183822132647038,
    0.11275012046098709,
    0.8627437353134155
  ],
  "best_val_epoch": 105,
  "train_time": 47523.93,
  "test_time": 30.92
}