{
  "train_accuracy": 0.8959805369377136,
  "val_accuracy": 0.5545404553413391,
  "test_accuracy": [
    0.6373475790023804,
    0.90705806016922,
    18.297565460205078,
    19.204591751098633
  ],
  "best_val_epoch": 997,
  "train_time": 45298.23,
  "test_time": 5.45
}