{
  "train_accuracy": 0.8887189030647278,
  "val_accuracy": 0.583734393119812,
  "test_accuracy": [
    0.5432226657867432,
    1.0394352674484253,
    18.723407745361328,
    19.762765884399414
  ],
  "best_val_epoch": 1000,
  "train_time": 49175.79,
  "test_time": 4.07
}