{
  "test_accuracy": [
    0.31389060616493225,
    6.076737880706787,
    0.08620453625917435,
    6.162944316864014
  ],
  "train_time": 14726.74,
  "test_time": 4.11,
  "best_val_epoch": 146
}