{
  "train_accuracy": 0.8814139366149902,
  "val_accuracy": 0.4191954433917999,
  "test_accuracy": [
    0.44294655323028564,
    1.2280266284942627,
    27.100879669189453,
    28.328861236572266
  ],
  "best_val_epoch": 1000,
  "train_time": 49417.97,
  "test_time": 4.75
}