{
  "train_accuracy": 0.82215815782547,
  "val_accuracy": 0.8076862096786499,
  "test_accuracy": [
    0.840240478515625,
    0.5460906624794006,
    1.1280148029327393,
    1.6741054058074951
  ],
  "best_val_epoch": 1000,
  "train_time": 28484.33,
  "test_time": 3.74
}