{
  "train_accuracy": 0.8361412286758423,
  "val_accuracy": 0.8253580927848816,
  "test_accuracy": [
    0.7677083611488342,
    0.6812562942504883,
    0.4727688133716583,
    0.13041864335536957,
    0.009007528424263,
    0.13296343386173248,
    0.953646183013916
  ],
  "best_val_epoch": 154,
  "train_time": 31660.17,
  "test_time": 13.36
}