{
  "train_accuracy": 0.858224630355835,
  "val_accuracy": 0.5973405838012695,
  "test_accuracy": [
    0.69073486328125,
    0.9697816371917725,
    0.1348666548728943,
    1.1046481132507324
  ],
  "best_val_epoch": 107,
  "train_time": 6049.95,
  "test_time": 4.07
}