{
  "train_accuracy": 0.8804856538772583,
  "val_accuracy": 0.4322104752063751,
  "test_accuracy": [
    0.4461526572704315,
    1.186514139175415,
    0.566772997379303,
    1.7532895803451538
  ],
  "best_val_epoch": 94,
  "train_time": 9642.7,
  "test_time": 4.95
}