{
  "train_accuracy": 0.8534461259841919,
  "val_accuracy": 0.829505980014801,
  "test_accuracy": [
    0.853057861328125,
    0.4858296513557434,
    0.053081538528203964,
    0.5389112234115601
  ],
  "best_val_epoch": 206,
  "train_time": 8450.65,
  "test_time": 4.11
}