{
  "accuracy": [
    0.01774691417813301,
    0.42766204476356506
  ],
  "c_loss": [
    2.1651878356933594,
    1.9173359870910645
  ],
  "d_loss": [
    0.500580906867981,
    0.48952752351760864
  ],
  "g_loss": [
    0.20609985291957855,
    0.2096937745809555
  ],
  "imp_loss": [
    0.00017979425319936126,
    0.00017975925584323704
  ],
  "reg_loss": [
    0.007184132467955351,
    0.007183464244008064
  ],
  "total_g_loss": [
    0.21346379816532135,
    0.217057004570961
  ],
  "val_accuracy": [
    0.3411272466182709,
    0.41774553060531616
  ]
}