{
  "accuracy": [
    0.18258102238178253,
    0.5659722089767456
  ],
  "c_loss": [
    2.055262565612793,
    1.8494055271148682
  ],
  "d_loss": [
    0.5014907717704773,
    0.4896463453769684
  ],
  "g_loss": [
    0.20594853162765503,
    0.2094954252243042
  ],
  "imp_loss": [
    0.00019437854643911123,
    0.0001943434472195804
  ],
  "reg_loss": [
    0.007191166281700134,
    0.007190499920397997
  ],
  "total_g_loss": [
    0.21333402395248413,
    0.21688026189804077
  ],
  "val_accuracy": [
    0.46869421005249023,
    0.49938616156578064
  ]
}