{
  "train_accuracy": 0.8092048764228821,
  "val_accuracy": 0.7594401240348816,
  "test_accuracy": [
    0.6738715171813965,
    0.9236230850219727,
    0.05718374624848366,
    0.9808070063591003
  ],
  "best_val_epoch": 77,
  "train_time": 5885.27,
  "test_time": 2.99
}