{
  "train_accuracy": 0.8227396607398987,
  "val_accuracy": 0.7926136255264282,
  "test_accuracy": [
    0.80389404296875,
    0.6243830919265747,
    0.10399533063173294,
    0.7283782958984375
  ],
  "best_val_epoch": 276,
  "train_time": 13267.4,
  "test_time": 5.13
}