{
  "test_accuracy": [
    0.3152812123298645,
    3.8821592330932617,
    0.09774012863636017,
    3.979902982711792
  ],
  "train_time": 12133.96,
  "test_time": 4.71,
  "best_val_epoch": 154
}