{
  "test_accuracy": [
    0.3260970413684845,
    2.51670241355896,
    0.0,
    2.51670241355896
  ],
  "train_time": 9778.11,
  "test_time": 4.45,
  "best_val_epoch": 117
}