{
  "train_accuracy": 0.862389087677002,
  "val_accuracy": 0.4228493869304657,
  "test_accuracy": [
    0.42123764753341675,
    1.6617692708969116,
    0.013893743976950645,
    1.6756608486175537
  ],
  "best_val_epoch": 1,
  "train_time": 5050.53,
  "test_time": 4.62
}