{
  "train_accuracy": 0.8824434876441956,
  "val_accuracy": 0.5606571435928345,
  "test_accuracy": [
    0.6035366058349609,
    0.9479759931564331,
    20.98117446899414,
    21.929243087768555
  ],
  "best_val_epoch": 1000,
  "train_time": 45574.03,
  "test_time": 4.97
}