{
  "train_accuracy": 0.8306688666343689,
  "val_accuracy": 0.8161272406578064,
  "test_accuracy": [
    0.7937036156654358,
    0.683999240398407,
    0.8001558780670166,
    1.4841557741165161
  ],
  "best_val_epoch": 998,
  "train_time": 27339.0,
  "test_time": 2.78
}