{
  "test_accuracy": [
    0.8413907885551453,
    0.4512949585914612,
    0.033384066075086594,
    0.48467889428138733
  ],
  "train_time": 9777.13,
  "test_time": 2.96,
  "best_val_epoch": 208
}