{
  "train_accuracy": 0.9599135518074036,
  "val_accuracy": 0.8491161465644836,
  "test_accuracy": [
    0.787200927734375,
    0.6703175902366638,
    0.4582372307777405,
    0.1272456794977188,
    0.0008524960721842945,
    0.05444857105612755,
    0.8528639078140259
  ],
  "best_val_epoch": 234,
  "train_time": 75855.04,
  "test_time": 44.23
}