{
  "test_accuracy": [
    0.3300914764404297,
    5.83021354675293,
    0.0,
    5.83021354675293
  ],
  "train_time": 26051.29,
  "test_time": 8.33,
  "best_val_epoch": 296
}