{
  "train_accuracy": 0.93290776014328,
  "val_accuracy": 0.4410288631916046,
  "test_accuracy": [
    0.5272865891456604,
    1.1955100297927856,
    0.06043241545557976,
    1.2559421062469482
  ],
  "best_val_epoch": 15,
  "train_time": 5418.97,
  "test_time": 5.58
}