{
  "train_accuracy": 0.8207549452781677,
  "val_accuracy": 0.8073706030845642,
  "test_accuracy": [
    0.840667724609375,
    0.5485873222351074,
    0.8464148640632629,
    1.3950035572052002
  ],
  "best_val_epoch": 998,
  "train_time": 25738.59,
  "test_time": 4.14
}