{
  "train_accuracy": 0.8862661719322205,
  "val_accuracy": 0.5493648052215576,
  "test_accuracy": [
    0.6403048634529114,
    0.9440703988075256,
    0.3868488371372223,
    1.3309228420257568
  ],
  "best_val_epoch": 85,
  "train_time": 8532.45,
  "test_time": 6.4
}