{
  "train_accuracy": 0.9904176592826843,
  "val_accuracy": 0.8718829154968262,
  "test_accuracy": [
    0.855377197265625,
    0.5376280546188354,
    0.46165406703948975,
    0.12856963276863098,
    0.002284296555444598,
    0.11252472549676895,
    0.7810066938400269
  ],
  "best_val_epoch": 305,
  "train_time": 48384.57,
  "test_time": 21.61
}