{
  "train_accuracy": 0.856897234916687,
  "val_accuracy": 0.836450457572937,
  "test_accuracy": [
    0.85589599609375,
    0.4869568347930908,
    0.8447347283363342,
    1.3316924571990967
  ],
  "best_val_epoch": 1000,
  "train_time": 26932.73,
  "test_time": 3.81
}