{
  "train_accuracy": 0.8627628087997437,
  "val_accuracy": 0.7933524250984192,
  "test_accuracy": [
    0.7764928936958313,
    0.7636256217956543,
    0.0653303936123848,
    0.8289559483528137
  ],
  "best_val_epoch": 99,
  "train_time": 6294.25,
  "test_time": 3.16
}