{
  "train_accuracy": 0.8552791476249695,
  "val_accuracy": 0.8370028138160706,
  "best_val_epoch": 599,
  "train_time": 80319.86
}