{
  "train_accuracy": 0.8321759104728699,
  "val_accuracy": 0.8149065375328064,
  "test_accuracy": [
    0.7948638796806335,
    0.6851708292961121,
    0.7815401554107666,
    1.466711401939392
  ],
  "best_val_epoch": 999,
  "train_time": 35301.95,
  "test_time": 4.42
}