{
  "train_accuracy": 0.8386681079864502,
  "val_accuracy": 0.7769097089767456,
  "test_accuracy": [
    0.784759521484375,
    0.7413078546524048,
    0.02960277907550335,
    0.7709107398986816
  ],
  "best_val_epoch": 26,
  "train_time": 3573.92,
  "test_time": 4.15
}