{
  "train_accuracy": 0.8551914691925049,
  "val_accuracy": 0.5201837420463562,
  "test_accuracy": [
    0.48277193307876587,
    1.382582426071167,
    0.015568719245493412,
    1.3981506824493408
  ],
  "best_val_epoch": 1,
  "train_time": 5168.27,
  "test_time": 5.63
}