{
  "train_accuracy": 0.9363749027252197,
  "val_accuracy": 0.8660827279090881,
  "test_accuracy": [
    0.86260986328125,
    0.42621147632598877,
    0.0437593013048172,
    0.4699707627296448
  ],
  "best_val_epoch": 352,
  "train_time": 14353.1,
  "test_time": 3.79
}