{
  "train_accuracy": 0.8872754573822021,
  "val_accuracy": 0.600768506526947,
  "test_accuracy": [
    0.6862804889678955,
    0.8632450699806213,
    22.263145446777344,
    23.12640953063965
  ],
  "best_val_epoch": 995,
  "train_time": 43710.07,
  "test_time": 5.42
}