{
  "train_accuracy": 0.8855218291282654,
  "val_accuracy": 0.586260974407196,
  "test_accuracy": [
    0.6566768288612366,
    0.900381326675415,
    19.48065948486328,
    20.381261825561523
  ],
  "best_val_epoch": 998,
  "train_time": 58953.57,
  "test_time": 5.53
}