{
  "test_accuracy": [
    0.37067073583602905,
    3.8536150455474854,
    0.05772879347205162,
    3.9113433361053467
  ],
  "train_time": 12564.4,
  "test_time": 8.88,
  "best_val_epoch": 112
}