{
  "test_accuracy": [
    0.7291537523269653,
    0.8550955653190613,
    0.4973123371601105,
    0.21835586428642273,
    0.00030258376500569284,
    0.022634508088231087,
    1.096388578414917
  ],
  "train_time": 31686.18,
  "test_time": 10.49,
  "best_val_epoch": 17
}