{
  "train_accuracy": 0.854561984539032,
  "val_accuracy": 0.6392722725868225,
  "test_accuracy": [
    0.7102743983268738,
    0.810052752494812,
    0.4908897280693054,
    0.2163432538509369,
    0.0015395131194964051,
    0.0,
    1.0279353857040405
  ],
  "best_val_epoch": 99,
  "train_time": 75265.13,
  "test_time": 50.86
}