{
  "train_accuracy": 0.9643856287002563,
  "val_accuracy": 0.362193763256073,
  "test_accuracy": [
    0.35730841755867004,
    1.494958758354187,
    0.03523063287138939,
    1.5301892757415771
  ],
  "best_val_epoch": 6,
  "train_time": 4987.92,
  "test_time": 4.8
}