{
  "train_accuracy": 0.9831701517105103,
  "val_accuracy": 0.2207888960838318,
  "test_accuracy": [
    0.3085365891456604,
    5.820761203765869,
    0.08301273733377457,
    5.903776168823242
  ],
  "best_val_epoch": 169,
  "train_time": 12826.28,
  "test_time": 6.35
}