{
  "train_accuracy": 0.8221202492713928,
  "val_accuracy": 0.8005050420761108,
  "test_accuracy": [
    0.82159423828125,
    0.5477205514907837,
    0.13172413408756256,
    0.6794446706771851
  ],
  "best_val_epoch": 126,
  "train_time": 6097.22,
  "test_time": 3.96
}