{
  "train_accuracy": 0.983826220035553,
  "val_accuracy": 0.182638019323349,
  "test_accuracy": [
    0.2832012176513672,
    9.926392555236816,
    0.08118981122970581,
    10.007577896118164
  ],
  "best_val_epoch": 195,
  "train_time": 13445.44,
  "test_time": 5.87
}