{
  "train_accuracy": 0.871117889881134,
  "val_accuracy": 0.7258839011192322,
  "test_accuracy": [
    0.7649103999137878,
    0.7048951983451843,
    0.5026007890701294,
    0.21639181673526764,
    0.0014756685122847557,
    0.0,
    0.9227632284164429
  ],
  "best_val_epoch": 999,
  "train_time": 319456.22,
  "test_time": 37.66
}