{
  "test_accuracy": [
    0.33274391293525696,
    6.878129959106445,
    0.15192557871341705,
    7.0300517082214355
  ],
  "train_time": 21868.44,
  "test_time": 5.65,
  "best_val_epoch": 310
}