{
  "test_accuracy": [
    0.86529541015625,
    0.400369256734848,
    0.03605668619275093,
    0.4364258944988251
  ],
  "train_time": 8995.71,
  "test_time": 3.25,
  "best_val_epoch": 225
}