{
  "train_accuracy": 0.8623204827308655,
  "val_accuracy": 0.4605429172515869,
  "test_accuracy": [
    0.435821533203125,
    1.4707328081130981,
    0.14187833666801453,
    1.612612009048462
  ],
  "best_val_epoch": 146,
  "train_time": 7791.37,
  "test_time": 4.44
}