{
  "train_accuracy": 0.8424117565155029,
  "val_accuracy": 0.7779715657234192,
  "test_accuracy": [
    0.7252861857414246,
    0.8667811751365662,
    0.10420159250497818,
    0.9709826707839966
  ],
  "best_val_epoch": 64,
  "train_time": 4530.86,
  "test_time": 2.87
}