{
  "train_accuracy": 0.9851345419883728,
  "val_accuracy": 0.3443763852119446,
  "test_accuracy": [
    0.39593634009361267,
    5.171946048736572,
    0.17142711579799652,
    5.343372821807861
  ],
  "best_val_epoch": 164,
  "train_time": 13097.84,
  "test_time": 4.41
}