{
  "test_accuracy": [
    0.810638427734375,
    0.6090646386146545,
    0.018649814650416374,
    0.6277143359184265
  ],
  "train_time": 5670.9,
  "test_time": 5.0,
  "best_val_epoch": 58
}