{
  "train_accuracy": 0.9479166865348816,
  "val_accuracy": 0.8743721842765808,
  "test_accuracy": [
    0.8690052628517151,
    0.40487584471702576,
    0.04681253805756569,
    0.45168831944465637
  ],
  "best_val_epoch": 354,
  "train_time": 13024.32,
  "test_time": 2.94
}