{
  "test_accuracy": [
    0.8805692791938782,
    0.3811057507991791,
    0.05213720351457596,
    0.43324291706085205
  ],
  "train_time": 18380.18,
  "test_time": 3.94,
  "best_val_epoch": 430
}