{
  "train_accuracy": 0.8836520314216614,
  "val_accuracy": 0.7740634679794312,
  "test_accuracy": [
    0.7245418429374695,
    0.8245576024055481,
    0.4937385022640228,
    0.21732968091964722,
    0.0013174114283174276,
    0.0,
    1.0432045459747314
  ],
  "best_val_epoch": 1000,
  "train_time": 403300.6,
  "test_time": 47.08
}