{
  "train_accuracy": 0.8587721586227417,
  "val_accuracy": 0.4795726537704468,
  "test_accuracy": [
    0.4221647083759308,
    1.5286496877670288,
    0.014846784994006157,
    1.5434963703155518
  ],
  "best_val_epoch": 1,
  "train_time": 5052.36,
  "test_time": 4.36
}