{
  "test_accuracy": [
    0.8858941197395325,
    0.36539581418037415,
    0.04351901635527611,
    0.4089147448539734
  ],
  "train_time": 16794.51,
  "test_time": 5.51,
  "best_val_epoch": 287
}