{
  "train_accuracy": 0.8671392798423767,
  "val_accuracy": 0.8505162000656128,
  "test_accuracy": [
    0.8127320408821106,
    0.5387275218963623,
    0.08132030814886093,
    0.6200478076934814
  ],
  "best_val_epoch": 339,
  "train_time": 12140.03,
  "test_time": 2.77
}