{
  "train_accuracy": 0.9857564568519592,
  "val_accuracy": 0.22714084386825562,
  "test_accuracy": [
    0.2785365879535675,
    7.492067813873291,
    0.12698973715305328,
    7.619057655334473
  ],
  "best_val_epoch": 124,
  "train_time": 10086.64,
  "test_time": 5.71
}